{
  "IcoMoonType": "selection",
  "icons": [
    {
      "icon": {
        "paths": [
          "M749.422 955.099l400.482-397.41c17.011-16.954 27.537-40.406 27.537-66.316s-10.525-49.362-27.534-66.314l-0.003-0.003-400.433-397.605c-17.22-16.945-40.863-27.407-66.95-27.407s-49.73 10.462-66.963 27.42l0.013-0.013c-16.973 16.962-27.472 40.401-27.472 66.292s10.499 49.33 27.471 66.291l0 0 234.35 232.448h-751.714c-54.224 0-98.182 43.958-98.182 98.182s43.958 98.182 98.182 98.182v0h753.079l-235.764 233.667c-16.982 16.949-27.488 40.381-27.488 66.267s10.506 49.318 27.486 66.266l0.001 0.001c17.199 17.032 40.87 27.555 66.999 27.555 26.080 0 49.712-10.484 66.911-27.467l-0.010 0.010z"
        ],
        "attrs": [
          {
            "fill": "rgb(255, 255, 255)"
          }
        ],
        "width": 1219,
        "isMulticolor": false,
        "isMulticolor2": false,
        "grid": 0,
        "tags": [
          "arrow-right"
        ]
      },
      "attrs": [
        {
          "fill": "rgb(255, 255, 255)"
        }
      ],
      "properties": {
        "order": 34,
        "id": 0,
        "name": "arrow-right",
        "prevSize": 32
      },
      "setIdx": 0,
      "setId": 10,
      "iconIdx": 0
    }
  ],
  "height": 1024,
  "preferences": {
    "showGlyphs": true,
    "showQuickUse": true,
    "showQuickUse2": true,
    "showSVGs": true,
    "fontPref": {
      "prefix": "icon-",
      "metadata": {
        "fontFamily": "icomoon"
      },
      "metrics": {
        "emSize": 1024,
        "baseline": 6.25,
        "whitespace": 50
      },
      "embed": false
    },
    "imagePref": {
      "prefix": "icon-",
      "png": false,
      "useClassSelector": false,
      "color": 0,
      "bgColor": 16777215,
      "classSelector": ".icon",
      "name": "icomoon",
      "height": 48,
      "columns": 16,
      "margin": 16,
      "autoHost": false,
      "overrideSize": false
    },
    "historySize": 50,
    "showCodes": true,
    "gridSize": 16,
    "quickUsageToken": {
      "UntitledProject": "YmI3MTMzZDgxNmQwOWYzNDBkZGVmY2I4ZjU5N2Y3MzgjMSMxNjcyNzMzOTYwIyMjYTVjZmJlNGM0ZDJm"
    }
  }
}